{"mean":{"confidence_interval":{"confidence_level":0.95,"lower_bound":-0.005909419793770021,"upper_bound":0.008174545601030292},"point_estimate":0.0008691205612729735,"standard_error":0.0035725336365741342},"median":{"confidence_interval":{"confidence_level":0.95,"lower_bound":-0.0003526686328467754,"upper_bound":0.004516996602149096},"point_estimate":0.0015421780980935385,"standard_error":0.0012217930654103426}}