{"mean":{"confidence_interval":{"confidence_level":0.95,"lower_bound":0.007810135196396208,"upper_bound":0.022976451620702512},"point_estimate":0.015152976289270814,"standard_error":0.0038527095193969163},"median":{"confidence_interval":{"confidence_level":0.95,"lower_bound":0.012673961583188786,"upper_bound":0.01797354441707366},"point_estimate":0.01619085214738991,"standard_error":0.0013494457261058993}}