{"mean":{"confidence_interval":{"confidence_level":0.95,"lower_bound":2295181728.271,"upper_bound":3669733944.056997},"point_estimate":2940900676.22,"standard_error":349732941.879631},"median":{"confidence_interval":{"confidence_level":0.95,"lower_bound":1487818232.0,"upper_bound":2467811323.0},"point_estimate":1800794391.5,"standard_error":234248422.94074792},"median_abs_dev":{"confidence_interval":{"confidence_level":0.95,"lower_bound":1494840808.3192706,"upper_bound":2740243441.7647543},"point_estimate":1944292503.333208,"standard_error":298585909.47607386},"slope":null,"std_dev":{"confidence_interval":{"confidence_level":0.95,"lower_bound":2427075888.0194087,"upper_bound":4658239805.035408},"point_estimate":3520844073.827291,"standard_error":589408711.8618864}}