{"mean":{"confidence_interval":{"confidence_level":0.95,"lower_bound":-0.745034574453879,"upper_bound":-0.7341120744823205},"point_estimate":-0.7396116557851917,"standard_error":0.002838788891778499},"median":{"confidence_interval":{"confidence_level":0.95,"lower_bound":-0.7493528437514129,"upper_bound":-0.7406971218284071},"point_estimate":-0.745960321989229,"standard_error":0.002188817217191328}}