{"mean":{"confidence_interval":{"confidence_level":0.95,"lower_bound":0.005016996006531877,"upper_bound":0.024957386939151883},"point_estimate":0.013455098148451139,"standard_error":0.00501664602535729},"median":{"confidence_interval":{"confidence_level":0.95,"lower_bound":0.005576465620670934,"upper_bound":0.007178747103367966},"point_estimate":0.006241331323000532,"standard_error":0.0003823167223586901}}