{"mean":{"confidence_interval":{"confidence_level":0.95,"lower_bound":-0.19565074467723984,"upper_bound":0.378662603617004},"point_estimate":0.06591812404051645,"standard_error":0.14638401550933555},"median":{"confidence_interval":{"confidence_level":0.95,"lower_bound":-0.18952880472357647,"upper_bound":0.6430054150463067},"point_estimate":0.11305966703130599,"standard_error":0.21433818125125895}}